id,imageFileName,
2,MWO_Annihilator.webp,small_MWO_Annihilator.webp
3,MWO_Archer.webp,small_MWO_Archer.webp
4,MWO_Arctic_Cheetah.webp,small_MWO_Arctic_Cheetah.webp
5,MWO_Arctic_Wolf.webp,small_MWO_Arctic_Wolf.webp
6,MWO_Assassin.webp,small_MWO_Assassin.webp
7,MWO_Atlas.webp,small_MWO_Atlas.webp
8,MWO_Awesome.webp,small_MWO_Awesome.webp
10,MWO_Battlemaster.webp,small_MWO_Battlemaster.webp
11,MWO_Black_Knight.webp,small_MWO_Black_Knight.webp
12,MWO_Black_Lanner.webp,small_MWO_Black_Lanner.webp
13,MWO_Blood_Asp.webp,small_MWO_Blood_Asp.webp
14,MWO_Bushwacker.webp,small_MWO_Bushwacker.webp
15,MWO_Champion.webp,small_MWO_Champion.webp
16,MWO_Charger.webp,small_MWO_Charger.webp
17,MWO_Cougar.webp,small_MWO_Cougar.webp
19,MWO_Crusader.webp,small_MWO_Crusader.webp
20,MWO_Cyclops.webp,small_MWO_Cyclops.webp
21,MWO_Dervish.webp,small_MWO_Dervish.webp
23,MWO_Ebon_Jaguar.webp,small_MWO_Ebon_Jaguar.webp
24,MWO_Executioner.webp,small_MWO_Executioner.webp
25,MWO_Fafnir.webp,small_MWO_Fafnir.webp
26,MWO_Flea.webp,small_MWO_Flea.webp
27,MWO_Griffin.webp,small_MWO_Griffin.webp
28,MWO_Hatamoto-Chi.webp,small_MWO_Hatamoto-Chi.webp
29,MWO_Hellbringer.webp,small_MWO_Hellbringer.webp
30,MWO_Hellfire.webp,small_MWO_Hellfire.webp
31,MWO_Hellspawn.webp,small_MWO_Hellspawn.webp
32,MWO_Highlander_IIC_Art.webp,small_MWO_Highlander_IIC_Art.webp
33,MWO_Hunchback_IIC_Art.webp,small_MWO_Hunchback_IIC_Art.webp
34,MWO_Huntsman.webp,small_MWO_Huntsman.webp
35,MWO_Incubus.webp,small_MWO_Incubus.webp
36,MWO_Javelin.webp,small_MWO_Javelin.webp
37,MWO_Jenner-IIC_Art.webp,small_MWO_Jenner-IIC_Art.webp
39,MWO_Kintaro.webp,small_MWO_Kintaro.webp
41,MWO_Kodiak.webp,small_MWO_Kodiak.webp
42,MWO_Linebacker.webp,small_MWO_Linebacker.webp
44,MWO_Longbow.webp,small_MWO_Longbow.webp
45,MWO_Mad_Cat_MkII.webp,small_MWO_Mad_Cat_MkII.webp
46,MWO_Mad_Dog.webp,small_MWO_Mad_Dog.webp
47,MWO_Marauder_II.webp,small_MWO_Marauder_II.webp
47,MWO_Marauder_IIC.webp,small_MWO_Marauder_IIC.webp
48,MWO_Marauder.webp,small_MWO_Marauder.webp
49,MWO_Mauler.webp,small_MWO_Mauler.webp
50,MWO_Night_Gyr.webp,small_MWO_Night_Gyr.webp
51,MWO_Nightstar.webp,small_MWO_Nightstar.webp
52,MWO_Nova_Cat.webp,small_MWO_Nova_Cat.webp
54,MWO_Orion_IIC_Art.webp,small_MWO_Orion_IIC_Art.webp
55,MWO_Osiris.webp,small_MWO_Osiris.webp
56,MWO_Phoenix_Hawk.webp,small_MWO_Phoenix_Hawk.webp
57,MWO_Piranha.webp,small_MWO_Piranha.webp
58,MWO_Raven.webp,small_MWO_Raven.webp
59,MWO_Rifleman_IIC.webp,small_MWO_Rifleman_IIC.webp
60,MWO_Rifleman.webp,small_MWO_Rifleman.webp
62,MWO_Shadow_Cat.webp,small_MWO_Shadow_Cat.webp
64,MWO_Stalker.webp,small_MWO_Stalker.webp
65,MWO_Stormcrow.webp,small_MWO_Stormcrow.webp
66,MWO_Summoner.webp,small_MWO_Summoner.webp
67,MWO_Supernova.webp,small_MWO_Supernova.webp
68,MWO_Thanatos.webp,small_MWO_Thanatos.webp
70,MWO_Timber_Wolf.webp,small_MWO_Timber_Wolf.webp
72,MWO_Uziel.webp,small_MWO_Uziel.webp
73,MWO_Vapor_Eagle.webp,small_MWO_Vapor_Eagle.webp
74,MWO_Victor.webp,small_MWO_Victor.webp
75,MWO_Vindicator.webp,small_MWO_Vindicator.webp
76,MWO_Viper.webp,small_MWO_Viper.webp
77,MWO_Vulcan.webp,small_MWO_Vulcan.webp
80,MWO_Warhammer_IIC.webp,small_MWO_Warhammer_IIC.webp
81,MWO_Warhammer.webp,small_MWO_Warhammer.webp
82,MWO_Warhawk.webp,small_MWO_Warhawk.webp
83,MWO_Wolfhound.webp,small_MWO_Wolfhound.webp